"","scientificName","year","lat_bin","lon_bin","metric","p.nsites","p.nsurveys","p.npresence","ci.repN","p.est","ci50.low95","ci50.high95","plow","phigh","p.ci","i.est","ilow","ihigh","i.npresence","i.ci","log.gdd","mobility","wing.max","wing.mean","canopy.open","canopy.mixed","canopy.closed","local.abund","host.breadth.index","voltinism","ows","egg.clusters","detect","confus"
"1","Ancyloxypha numitor",2016,41.5,-87.5,50,30,176,38,1000,208,177,241,176,237,61,239,198,250,11,52,6.39878623403995,1,28,23,1,0,0,"Common",2,3,"larva",0,2,1
"2","Ancyloxypha numitor",2016,39.5,-84.5,50,10,235,49,1000,218,206,238,195,228,33,192,150,197,17,47,6.58699491670921,1,28,23,1,0,0,"Common",2,3,"larva",0,2,1
"3","Ancyloxypha numitor",2017,41.5,-81.5,50,12,279,88,1000,222,218,225,219,226,7,206,168,214,18,46,6.3618135973608,1,28,23,1,0,0,"Common",2,3,"larva",0,2,1
"4","Ancyloxypha numitor",2017,41.5,-87.5,50,30,188,29,1000,224,209,237,212,236,24,216.5,171,224,12,53,6.43505356469628,1,28,23,1,0,0,"Common",2,3,"larva",0,2,1
"5","Ancyloxypha numitor",2017,39.5,-84.5,50,9,214,59,1000,217,201,238,194,231,37,202,183,225,48,42,6.65651661011713,1,28,23,1,0,0,"Common",2,3,"larva",0,2,1
"6","Ancyloxypha numitor",2018,41.5,-87.5,50,31,186,23,1000,224,204,256,186,242,56,221.5,184.5,223,10,38.5,6.43444685330737,1,28,23,1,0,0,"Common",2,3,"larva",0,2,1
"7","Asterocampa celtis",2018,38.5,-90.5,50,8,52,13,1000,226,188,278,137,248,111,230,174,238,19,64,6.86027327344997,1,66,53,0,1,0,"Common",1,3,"larva",1,1,2
"8","Atalopedes campestris",2014,38.5,-77.5,50,10,54,20,1000,245,229,270,217,256,39,216.5,193,255.5,10,62.5,6.59447968012898,4,41,34.5,1,1,0,"Common",2,3,"migrant",0,2,2
"9","Atalopedes campestris",2017,38.5,-77.5,50,4,37,12,1000,233,217,251,212,247,35,237,229,241,102,12,6.76375797556452,4,41,34.5,1,1,0,"Common",2,3,"migrant",0,2,2
"10","Cercyonis pegala",2016,39.5,-84.5,50,10,235,34,1000,196,190,200,192,203,11,232,193,244,20,51,6.58699491670921,1,76,62,1,1,0,"Common",2,1,"larva",0,3,1
"11","Cercyonis pegala",2017,41.5,-81.5,50,12,279,45,1000,197,192,202,193,203,10,195,187,209,10,22,6.3618135973608,1,76,62,1,1,0,"Common",2,1,"larva",0,3,1
"12","Cercyonis pegala",2017,39.5,-84.5,50,9,214,39,1000,195,189,199,192,202,10,203,185,218,23,33,6.65651661011713,1,76,62,1,1,0,"Common",2,1,"larva",0,3,1
"13","Colias eurytheme",2016,39.5,-84.5,50,10,235,110,1000,275,272,280,269,277,8,255,247,264.5,82,17.5,6.58699491670921,4,68,53.5,1,1,0,"Common",2,3,"larva",0,3,3
"14","Colias eurytheme",2017,41.5,-83.5,50,5,117,23,1000,267,261,278,256,272,16,253,210.5,259,16,48.5,6.45373962696831,4,68,53.5,1,1,0,"Common",2,3,"larva",0,3,3
"15","Colias eurytheme",2015,41.5,-93.5,50,14,88,20,1000,224,204,253,183,235,52,226,211,247,61,36,6.4428287782553,4,68,53.5,1,1,0,"Common",2,3,"larva",0,3,3
"16","Colias eurytheme",2016,38.5,-77.5,50,14,51,30,1000,192,109,250,122,270,148,252,222,267,10,45,6.61385630236662,4,68,53.5,1,1,0,"Common",2,3,"larva",0,3,3
"17","Colias eurytheme",2017,38.5,-77.5,50,4,37,25,1000,168,111,223,114,219,105,200,108,246,21,138,6.76375797556452,4,68,53.5,1,1,0,"Common",2,3,"larva",0,3,3
"18","Colias eurytheme",2017,41.5,-81.5,50,12,279,90,1000,270,264,278,260,275,15,266,258,283,23,25,6.3618135973608,4,68,53.5,1,1,0,"Common",2,3,"larva",0,3,3
"19","Colias eurytheme",2018,41.5,-93.5,50,15,85,28,1000,227,210,246,203,246,43,211.5,196,225.5,34,29.5,6.60649979853921,4,68,53.5,1,1,0,"Common",2,3,"larva",0,3,3
"20","Colias eurytheme",2016,41.5,-81.5,50,20,382,174,1000,263,255,273,252,270,18,275,239,276,11,37,6.27312912683665,4,68,53.5,1,1,0,"Common",2,3,"larva",0,3,3
"21","Colias eurytheme",2016,41.5,-93.5,50,18,116,48,1000,235,211,265,206,264,58,219,189,228,71,39,6.55497448299761,4,68,53.5,1,1,0,"Common",2,3,"larva",0,3,3
"22","Colias eurytheme",2017,39.5,-84.5,50,9,214,76,1000,246,223,274,216,266,50,203,181,217,81,36,6.65651661011713,4,68,53.5,1,1,0,"Common",2,3,"larva",0,3,3
"23","Colias eurytheme",2017,41.5,-93.5,50,16,103,46,1000,225,205,256,194,236,42,236,208,250,27,42,6.55328183852675,4,68,53.5,1,1,0,"Common",2,3,"larva",0,3,3
"24","Colias philodice",2017,41.5,-93.5,50,16,103,64,1000,222,205,240,203,238,35,229.5,160.5,254,18,93.5,6.55328183852675,4,70,56,1,0,0,"Common",2,3,"larva",0,3,3
"25","Colias philodice",2018,41.5,-93.5,50,15,85,61,1000,223,213,235,210,232,22,202,191,207,33,16,6.60649979853921,4,70,56,1,0,0,"Common",2,3,"larva",0,3,3
"26","Colias philodice",2015,41.5,-93.5,50,14,88,81,1000,217,203,227,208,231,23,222.5,205.5,244.5,62,39,6.4428287782553,4,70,56,1,0,0,"Common",2,3,"larva",0,3,3
"27","Colias philodice",2016,41.5,-93.5,50,18,116,99,1000,190,172,205,182,200,18,227.5,208,244.5,54,36.5,6.55497448299761,4,70,56,1,0,0,"Common",2,3,"larva",0,3,3
"28","Cupido comyntas",2014,38.5,-77.5,50,10,54,34,1000,220,186,253,185,251,66,208,166,214,13,48,6.59447968012898,1,29,23.5,1,1,0,"Common",2,3,"larva",0,2,1
"29","Cupido comyntas",2017,38.5,-77.5,50,4,37,22,1000,135,64,185,113,227,114,161.5,120,185,44,65,6.76375797556452,1,29,23.5,1,1,0,"Common",2,3,"larva",0,2,1
"30","Cupido comyntas",2016,38.5,-77.5,50,14,51,31,1000,262,239,293,211,267,56,230,165.5,248,26,82.5,6.61385630236662,1,29,23.5,1,1,0,"Common",2,3,"larva",0,2,1
"31","Danaus plexippus",2017,40.5,-82.5,50,3,54,23,1000,240,225,256,226,254,28,231,215,241,12,26,6.48998541238501,5,114,95,1,1,0,"Common",2,3,"migrant",0,3,1
"32","Danaus plexippus",2015,41.5,-88.5,50,28,151,102,1000,218,210,223,213,226,13,235,210,265,10,55,6.38135544266071,5,114,95,1,1,0,"Common",2,3,"migrant",0,3,1
"33","Danaus plexippus",2017,39.5,-82.5,50,4,52,23,1000,259,252,272,246,266,20,232,211,260,19,49,6.62101301144201,5,114,95,1,1,0,"Common",2,3,"migrant",0,3,1
"34","Danaus plexippus",2016,39.5,-84.5,50,10,235,68,1000,258,252,263,252,263,11,260,249,267,65,18,6.58699491670921,5,114,95,1,1,0,"Common",2,3,"migrant",0,3,1
"35","Danaus plexippus",2017,41.5,-87.5,50,30,188,123,1000,244,220,267,222,263,41,213,208,224,122,16,6.43505356469628,5,114,95,1,1,0,"Common",2,3,"migrant",0,3,1
"36","Danaus plexippus",2018,40.5,-89.5,50,2,48,35,1000,250,210,299,214,270,56,218,203,237,13,34,6.68839916314568,5,114,95,1,1,0,"Common",2,3,"migrant",0,3,1
"37","Danaus plexippus",2018,41.5,-93.5,50,15,85,74,1000,224,209,249,196,236,40,216,202,230,28,28,6.60649979853921,5,114,95,1,1,0,"Common",2,3,"migrant",0,3,1
"38","Danaus plexippus",2017,41.5,-81.5,50,12,279,124,1000,226,221,233,219,231,12,226,215,232,126,17,6.3618135973608,5,114,95,1,1,0,"Common",2,3,"migrant",0,3,1
"39","Danaus plexippus",2017,39.5,-84.5,50,9,214,83,1000,249,244,256,242,254,12,224,210,231,94,21,6.65651661011713,5,114,95,1,1,0,"Common",2,3,"migrant",0,3,1
"40","Danaus plexippus",2017,41.5,-83.5,50,5,117,46,1000,221,213,229,214,230,16,217,196,218,41,22,6.45373962696831,5,114,95,1,1,0,"Common",2,3,"migrant",0,3,1
"41","Danaus plexippus",2016,41.5,-93.5,50,18,116,44,1000,265,253,303,227,281,54,256,219,264,17,45,6.55497448299761,5,114,95,1,1,0,"Common",2,3,"migrant",0,3,1
"42","Danaus plexippus",2018,41.5,-85.5,50,8,45,26,1000,216,209,223,209,224,15,224,195,237,13,42,6.39612904598075,5,114,95,1,1,0,"Common",2,3,"migrant",0,3,1
"43","Danaus plexippus",2015,38.5,-77.5,50,11,76,29,1000,250,241,259,240,258,18,244,221,256,13,35,6.67935825154566,5,114,95,1,1,0,"Common",2,3,"migrant",0,3,1
"44","Danaus plexippus",2018,41.5,-90.5,50,6,100,90,1000,213,204,223,205,223,18,247,174,259,15,85,6.5674526760352,5,114,95,1,1,0,"Common",2,3,"migrant",0,3,1
"45","Danaus plexippus",2014,41.5,-81.5,50,20,427,167,1000,241,235,250,232,246,14,218.5,207.5,237,20,29.5,6.24465253841195,5,114,95,1,1,0,"Common",2,3,"migrant",0,3,1
"46","Danaus plexippus",2015,41.5,-93.5,50,14,88,54,1000,235,221,255,216,245,29,228,215,243,31,28,6.4428287782553,5,114,95,1,1,0,"Common",2,3,"migrant",0,3,1
"47","Danaus plexippus",2018,41.5,-87.5,50,31,186,157,1000,213,179,251,181,221,40,227,220,234,347,14,6.43444685330737,5,114,95,1,1,0,"Common",2,3,"migrant",0,3,1
"48","Danaus plexippus",2016,38.5,-77.5,50,14,51,17,1000,254,239,278,222,263,41,272,261,276,54,15,6.61385630236662,5,114,95,1,1,0,"Common",2,3,"migrant",0,3,1
"49","Danaus plexippus",2017,41.5,-93.5,50,16,103,62,1000,240,215,282,185,255,70,234.5,193.5,250,14,56.5,6.55328183852675,5,114,95,1,1,0,"Common",2,3,"migrant",0,3,1
"50","Danaus plexippus",2018,41.5,-88.5,50,41,278,177,1000,215,147,342,88,230,142,214.5,198.5,225,82,26.5,6.50441871127371,5,114,95,1,1,0,"Common",2,3,"migrant",0,3,1
"51","Danaus plexippus",2017,38.5,-77.5,50,4,37,15,1000,234,207,270,193,260,67,241.5,229,262,115,33,6.76375797556452,5,114,95,1,1,0,"Common",2,3,"migrant",0,3,1
"52","Danaus plexippus",2015,41.5,-87.5,50,25,159,98,1000,241,221,276,213,271,58,220,211,242,34,31,6.31570496483174,5,114,95,1,1,0,"Common",2,3,"migrant",0,3,1
"53","Danaus plexippus",2016,41.5,-81.5,50,20,382,98,1000,253,247,259,246,258,12,247.5,237,263,42,26,6.27312912683665,5,114,95,1,1,0,"Common",2,3,"migrant",0,3,1
"54","Danaus plexippus",2016,39.5,-82.5,50,6,98,34,1000,245,238,254,234,251,17,285,251,285,11,34,6.57259479869227,5,114,95,1,1,0,"Common",2,3,"migrant",0,3,1
"55","Danaus plexippus",2015,41.5,-81.5,50,20,416,168,1000,251,247,259,241,254,13,247,230.5,254.5,64,24,6.26993267417513,5,114,95,1,1,0,"Common",2,3,"migrant",0,3,1
"56","Danaus plexippus",2018,38.5,-90.5,50,8,52,28,1000,227,185,283,126,234,108,250,237,255,127,18,6.86027327344997,5,114,95,1,1,0,"Common",2,3,"migrant",0,3,1
"57","Danaus plexippus",2016,41.5,-87.5,50,30,176,57,1000,248,210,286,212,278,66,254,247,257,39,10,6.39878623403995,5,114,95,1,1,0,"Common",2,3,"migrant",0,3,1
"58","Danaus plexippus",2014,41.5,-87.5,50,25,168,109,1000,211,207,215,207,215,8,215.5,183,245,13,62,6.32719885313251,5,114,95,1,1,0,"Common",2,3,"migrant",0,3,1
"59","Danaus plexippus",2017,41.5,-88.5,50,24,141,81,1000,225,216,236,210,233,23,227.5,205,252,12,47,6.44589538206879,5,114,95,1,1,0,"Common",2,3,"migrant",0,3,1
"60","Danaus plexippus",2015,39.5,-84.5,50,11,289,105,1000,246,242,252,239,250,11,240.5,221,254,11,33,6.57548387784319,5,114,95,1,1,0,"Common",2,3,"migrant",0,3,1
"61","Epargyreus clarus",2017,41.5,-83.5,50,5,117,47,1000,193,175,214,172,209,37,196,183,217,35,34,6.45373962696831,2,61,51,1,1,0,"Common",2,3,"pupa",0,3,1
"62","Epargyreus clarus",2016,41.5,-93.5,50,18,116,30,1000,255,246,279,229,261,32,232,212.5,250,10,37.5,6.55497448299761,2,61,51,1,1,0,"Common",2,3,"pupa",0,3,1
"63","Epargyreus clarus",2016,41.5,-81.5,50,20,382,167,1000,210,205,217,204,215,11,202,183,211,33,28,6.27312912683665,2,61,51,1,1,0,"Common",2,3,"pupa",0,3,1
"64","Epargyreus clarus",2018,41.5,-88.5,50,41,278,59,1000,216,206,227,204,225,21,212,191,217,31,26,6.50441871127371,2,61,51,1,1,0,"Common",2,3,"pupa",0,3,1
"65","Epargyreus clarus",2016,38.5,-77.5,50,14,51,22,1000,218,191,253,179,242,63,216,142,222,13,80,6.61385630236662,2,61,51,1,1,0,"Common",2,3,"pupa",0,3,1
"66","Epargyreus clarus",2017,41.5,-81.5,50,12,279,105,1000,215,208,224,205,221,16,206.5,190.5,214,42,23.5,6.3618135973608,2,61,51,1,1,0,"Common",2,3,"pupa",0,3,1
"67","Epargyreus clarus",2015,41.5,-87.5,50,25,159,50,1000,197,175,221,171,216,45,219.5,184,225,18,41,6.31570496483174,2,61,51,1,1,0,"Common",2,3,"pupa",0,3,1
"68","Epargyreus clarus",2016,39.5,-84.5,50,10,235,147,1000,234,228,240,227,240,13,248,235,254,59,19,6.58699491670921,2,61,51,1,1,0,"Common",2,3,"pupa",0,3,1
"69","Epargyreus clarus",2018,38.5,-90.5,50,8,52,30,1000,212,200,224,199,224,25,252,244,258,49,14,6.86027327344997,2,61,51,1,1,0,"Common",2,3,"pupa",0,3,1
"70","Epargyreus clarus",2017,41.5,-87.5,50,30,188,48,1000,159,123,195,102,186,84,216,206,227,38,21,6.43505356469628,2,61,51,1,1,0,"Common",2,3,"pupa",0,3,1
"71","Epargyreus clarus",2017,39.5,-84.5,50,9,214,124,1000,198,193,204,192,203,11,195,168,207,59,39,6.65651661011713,2,61,51,1,1,0,"Common",2,3,"pupa",0,3,1
"72","Epargyreus clarus",2014,41.5,-81.5,50,20,427,156,1000,217,214,221,213,220,7,218.5,193,228,16,35,6.24465253841195,2,61,51,1,1,0,"Common",2,3,"pupa",0,3,1
"73","Epargyreus clarus",2017,38.5,-77.5,50,4,37,17,1000,180,161,197,164,204,40,204,171,210,48,39,6.76375797556452,2,61,51,1,1,0,"Common",2,3,"pupa",0,3,1
"74","Epargyreus clarus",2016,41.5,-87.5,50,30,176,50,1000,184,157,207,169,214,45,254,217,261,23,44,6.39878623403995,2,61,51,1,1,0,"Common",2,3,"pupa",0,3,1
"75","Epargyreus clarus",2015,41.5,-81.5,50,20,416,153,1000,218,214,222,214,222,8,202,168,223,13,55,6.26993267417513,2,61,51,1,1,0,"Common",2,3,"pupa",0,3,1
"76","Epargyreus clarus",2018,41.5,-87.5,50,31,186,49,1000,201,181,227,172,216,44,212,209,219,58,10,6.43444685330737,2,61,51,1,1,0,"Common",2,3,"pupa",0,3,1
"77","Epargyreus clarus",2018,41.5,-93.5,50,15,85,35,1000,215,150,309,108,239,131,216,147,226,11,79,6.60649979853921,2,61,51,1,1,0,"Common",2,3,"pupa",0,3,1
"78","Epargyreus clarus",2014,38.5,-77.5,50,10,54,28,1000,208,190,227,190,226,36,208,166,215,13,49,6.59447968012898,2,61,51,1,1,0,"Common",2,3,"pupa",0,3,1
"79","Epargyreus clarus",2014,41.5,-87.5,50,25,168,42,1000,200,167,239,162,225,63,228,196,245,11,49,6.32719885313251,2,61,51,1,1,0,"Common",2,3,"pupa",0,3,1
"80","Epargyreus clarus",2016,41.5,-88.5,50,24,139,43,1000,238,229,260,215,246,31,229,181,241,11,60,6.4447650430968,2,61,51,1,1,0,"Common",2,3,"pupa",0,3,1
"81","Erynnis baptisiae",2017,41.5,-81.5,50,12,279,52,1000,213,187,248,166,232,66,238,192,243,17,51,6.3618135973608,1,45,39,1,1,0,"Common",2,2,"larva",0,1,4
"82","Erynnis baptisiae",2016,41.5,-87.5,50,30,176,23,1000,210,178,235,196,243,47,254,190,259,15,69,6.39878623403995,1,45,39,1,1,0,"Common",2,2,"larva",0,1,4
"83","Erynnis baptisiae",2017,39.5,-84.5,50,9,214,33,1000,190,165,218,162,211,49,207,182,223,23,41,6.65651661011713,1,45,39,1,1,0,"Common",2,2,"larva",0,1,4
"84","Erynnis baptisiae",2018,41.5,-87.5,50,31,186,15,1000,238,218,265,207,252,45,235,176,243.5,12,67.5,6.43444685330737,1,45,39,1,1,0,"Common",2,2,"larva",0,1,4
"85","Erynnis baptisiae",2017,41.5,-87.5,50,30,188,19,1000,257,220,333,194,275,81,229,206,234,24,28,6.43505356469628,1,45,39,1,1,0,"Common",2,2,"larva",0,1,4
"86","Erynnis baptisiae",2016,39.5,-84.5,50,10,235,40,1000,216,205,233,200,223,23,216,211,233,11,22,6.58699491670921,1,45,39,1,1,0,"Common",2,2,"larva",0,1,4
"87","Euptoieta claudia",2017,38.5,-77.5,50,4,37,10,1000,245,206,324,153,266,113,231,189,272.6984709,21,83.6984709,6.76375797556452,4,80,58,1,0,0,"Uncommon",3,3,"migrant",0,3,1
"88","Euptoieta claudia",2016,38.5,-77.5,50,14,51,17,1000,274,227,373,164,294,130,263,251,271,33,20,6.61385630236662,4,80,58,1,0,0,"Uncommon",3,3,"migrant",0,3,1
"89","Eurytides marcellus",2016,38.5,-77.5,50,14,51,16,1000,227,178,308,119,243,124,132,110,192,12,82,6.61385630236662,4,102,78,1,1,1,"Common",1,3,"pupa",0,3,1
"90","Eurytides marcellus",2017,38.5,-77.5,50,4,37,10,1000,153,102,199,102,207,105,169,110,176,26,66,6.76375797556452,4,102,78,1,1,1,"Common",1,3,"pupa",0,3,1
"91","Junonia coenia",2016,38.5,-77.5,50,14,51,23,1000,271,244,327,202,281,79,279,261,295,33,34,6.61385630236662,5,69,52.5,1,1,0,"Common",3,3,"migrant",0,2,1
"92","Junonia coenia",2016,41.5,-87.5,50,30,176,32,1000,256,230,298,215,269,54,254,245,259,57,14,6.39878623403995,5,69,52.5,1,1,0,"Common",3,3,"migrant",0,2,1
"93","Junonia coenia",2017,38.5,-77.5,50,4,37,13,1000,233,205,256,215,273,58,276,247,291,40,44,6.76375797556452,5,69,52.5,1,1,0,"Common",3,3,"migrant",0,2,1
"94","Junonia coenia",2018,41.5,-87.5,50,31,186,20,1000,240,219,273,202,250,48,242.5,228,247,47,19,6.43444685330737,5,69,52.5,1,1,0,"Common",3,3,"migrant",0,2,1
"95","Junonia coenia",2017,39.5,-84.5,50,9,214,48,1000,268,262,275,261,274,13,248.5,230,266.5,49,36.5,6.65651661011713,5,69,52.5,1,1,0,"Common",3,3,"migrant",0,2,1
"96","Junonia coenia",2016,41.5,-93.5,50,18,116,40,1000,210,199,221,199,220,21,233,216,248.5,22,32.5,6.55497448299761,5,69,52.5,1,1,0,"Common",3,3,"migrant",0,2,1
"97","Junonia coenia",2017,38.5,-90.5,50,6,31,19,1000,222,205,248,186,233,47,249,213,291,25,78,6.84165371292606,5,69,52.5,1,1,0,"Common",3,3,"migrant",0,2,1
"98","Junonia coenia",2015,41.5,-93.5,50,14,88,23,1000,235,222,251,215,246,31,231,215.5,247,10,31.5,6.4428287782553,5,69,52.5,1,1,0,"Common",3,3,"migrant",0,2,1
"99","Junonia coenia",2016,39.5,-84.5,50,10,235,26,1000,274,269,282,265,278,13,275.5,255,288.5,38,33.5,6.58699491670921,5,69,52.5,1,1,0,"Common",3,3,"migrant",0,2,1
"100","Junonia coenia",2017,41.5,-93.5,50,16,103,46,1000,200,191,210,192,206,14,201,190,219,18,29,6.55328183852675,5,69,52.5,1,1,0,"Common",3,3,"migrant",0,2,1
"101","Junonia coenia",2017,41.5,-87.5,50,30,188,37,1000,222,181,255,202,269,67,211,199,217,59,18,6.43505356469628,5,69,52.5,1,1,0,"Common",3,3,"migrant",0,2,1
"102","Junonia coenia",2018,38.5,-90.5,50,8,52,17,1000,249,239,259,237,256,19,246,241.5,250,56,8.5,6.86027327344997,5,69,52.5,1,1,0,"Common",3,3,"migrant",0,2,1
"103","Junonia coenia",2017,41.5,-81.5,50,12,279,11,1000,246,208,276,236,283,47,275,255,285,24,30,6.3618135973608,5,69,52.5,1,1,0,"Common",3,3,"migrant",0,2,1
"104","Limenitis archippus",2018,41.5,-88.5,50,41,278,69,1000,244,231,263,224,262,38,220.5,211.5,226,13,14.5,6.50441871127371,2,76,67,1,1,1,"Common",2,3,"larva",0,3,2
"105","Limenitis archippus",2015,41.5,-81.5,50,20,416,94,1000,238,227,254,222,247,25,212.5,201,240,24,39,6.26993267417513,2,76,67,1,1,1,"Common",2,3,"larva",0,3,2
"106","Limenitis archippus",2014,41.5,-81.5,50,20,427,65,1000,219,211,224,215,228,13,221,206,237,15,31,6.24465253841195,2,76,67,1,1,1,"Common",2,3,"larva",0,3,2
"107","Limenitis archippus",2016,41.5,-81.5,50,20,382,66,1000,247,240,261,231,252,21,239,218,253,30,35,6.27312912683665,2,76,67,1,1,1,"Common",2,3,"larva",0,3,2
"108","Limenitis archippus",2017,41.5,-83.5,50,5,117,29,1000,212,206,217,208,219,11,195.5,179.5,204,32,24.5,6.45373962696831,2,76,67,1,1,1,"Common",2,3,"larva",0,3,2
"109","Limenitis archippus",2017,41.5,-87.5,50,30,188,35,1000,238,224,261,218,257,39,215,207.5,241,10,33.5,6.43505356469628,2,76,67,1,1,1,"Common",2,3,"larva",0,3,2
"110","Limenitis archippus",2017,41.5,-81.5,50,12,279,44,1000,218,204,225,212,233,21,225,206,242,48,36,6.3618135973608,2,76,67,1,1,1,"Common",2,3,"larva",0,3,2
"111","Limenitis archippus",2018,41.5,-87.5,50,31,186,45,1000,228,212,243,214,246,32,230,212,234,37,22,6.43444685330737,2,76,67,1,1,1,"Common",2,3,"larva",0,3,2
"112","Limenitis arthemis astyanax",2017,39.5,-84.5,50,9,214,57,1000,232,224,241,223,240,17,208,190,230,11,40,6.65651661011713,4,92,79,0,1,1,"Uncommon",3,3,"larva",0,3,1
"113","Limenitis arthemis astyanax",2016,41.5,-87.5,50,30,176,26,1000,211,188,241,175,228,53,236,199,254,11,55,6.39878623403995,4,92,79,0,1,1,"Uncommon",3,3,"larva",0,3,1
"114","Limenitis arthemis astyanax",2016,39.5,-84.5,50,10,235,56,1000,244,241,248,240,247,7,248.5,227,251,12,24,6.58699491670921,4,92,79,0,1,1,"Uncommon",3,3,"larva",0,3,1
"115","Limenitis arthemis astyanax",2017,41.5,-87.5,50,30,188,28,1000,222,211,234,207,232,25,217,173,224,16,51,6.43505356469628,4,92,79,0,1,1,"Uncommon",3,3,"larva",0,3,1
"116","Limenitis arthemis astyanax",2018,41.5,-87.5,50,31,186,36,1000,223,212,235,212,231,19,216,208.5,223,20,14.5,6.43444685330737,4,92,79,0,1,1,"Uncommon",3,3,"larva",0,3,1
"117","Limenitis arthemis astyanax",2016,41.5,-88.5,50,24,139,21,1000,203,177,235,169,228,59,211,177.5,218,10,40.5,6.4447650430968,4,92,79,0,1,1,"Uncommon",3,3,"larva",0,3,1
"118","Megisto cymela",2015,41.5,-81.5,50,20,416,90,1000,156,154,158,155,158,3,155,141,161,11,20,6.26993267417513,1,48,40.5,0,1,1,"Common",1,3,"larva",0,3,1
"119","Megisto cymela",2017,39.5,-84.5,50,9,214,48,1000,180,173,190,171,187,16,181.5,157,184,28,27,6.65651661011713,1,48,40.5,0,1,1,"Common",1,3,"larva",0,3,1
"120","Megisto cymela",2017,41.5,-87.5,50,30,188,47,1000,177,169,183,170,184,14,157,153,153,10,0,6.43505356469628,1,48,40.5,0,1,1,"Common",1,3,"larva",0,3,1
"121","Megisto cymela",2017,41.5,-81.5,50,12,279,54,1000,155,151,157,153,159,6,156,149,160,27,11,6.3618135973608,1,48,40.5,0,1,1,"Common",1,3,"larva",0,3,1
"122","Megisto cymela",2016,41.5,-81.5,50,20,382,73,1000,159,156,162,156,162,6,155,152,166,13,14,6.27312912683665,1,48,40.5,0,1,1,"Common",1,3,"larva",0,3,1
"123","Megisto cymela",2017,41.5,-83.5,50,5,117,12,1000,164,141,187,157,170,13,163.5,150,177,12,27,6.45373962696831,1,48,40.5,0,1,1,"Common",1,3,"larva",0,3,1
"124","Megisto cymela",2016,39.5,-84.5,50,10,235,60,1000,179,172,184,175,186,11,183,157,190,13,33,6.58699491670921,1,48,40.5,0,1,1,"Common",1,3,"larva",0,3,1
"125","Nastra lherminier",2017,39.5,-84.5,50,9,214,13,1000,159,111,189,145,218,73,221,185.5,230,18,44.5,6.65651661011713,1,28,25.5,1,0,0,"Uncommon",1,3,"larva",0,1,4
"126","Nymphalis antiopa",2015,41.5,-87.5,50,25,159,22,1000,174,161,185,165,184,19,177,102,185.5,12,83.5,6.31570496483174,5,102,89,0,1,1,"Uncommon",3,3,"adult",1,2,1
"127","Papilio glaucus",2016,39.5,-84.5,50,10,235,104,1000,214,211,217,211,217,6,219.5,211,232,46,21,6.58699491670921,2,165,127,1,1,1,"Common",3,3,"pupa",0,4,1
"128","Papilio glaucus",2015,38.5,-77.5,50,11,76,36,1000,225,217,235,213,232,19,210,200,233,27,33,6.67935825154566,2,165,127,1,1,1,"Common",3,3,"pupa",0,4,1
"129","Papilio glaucus",2016,38.5,-77.5,50,14,51,24,1000,229,200,273,169,242,73,219,207,226,99,19,6.61385630236662,2,165,127,1,1,1,"Common",3,3,"pupa",0,4,1
"130","Papilio glaucus",2017,41.5,-93.5,50,16,103,31,1000,216,191,253,149,221,72,210,186,216,19,30,6.55328183852675,2,165,127,1,1,1,"Common",3,3,"pupa",0,4,1
"131","Papilio glaucus",2014,38.5,-77.5,50,10,54,23,1000,208,189,227,187,228,41,166,122,166,15,44,6.59447968012898,2,165,127,1,1,1,"Common",3,3,"pupa",0,4,1
"132","Papilio glaucus",2017,38.5,-90.5,50,6,31,13,1000,206,183,231,185,224,39,215,205,219,21,14,6.84165371292606,2,165,127,1,1,1,"Common",3,3,"pupa",0,4,1
"133","Papilio glaucus",2016,41.5,-87.5,50,30,176,48,1000,220,213,228,213,227,14,214,207,219,25,12,6.39878623403995,2,165,127,1,1,1,"Common",3,3,"pupa",0,4,1
"134","Papilio glaucus",2016,38.5,-90.5,50,5,31,14,1000,240,227,258,221,249,28,232,206,250,13,44,6.84021354658337,2,165,127,1,1,1,"Common",3,3,"pupa",0,4,1
"135","Papilio glaucus",2017,38.5,-77.5,50,4,37,14,1000,152,87,186,121,214,93,171.5,145,191,94,46,6.76375797556452,2,165,127,1,1,1,"Common",3,3,"pupa",0,4,1
"136","Papilio glaucus",2014,41.5,-81.5,50,20,427,185,1000,219,217,221,217,221,4,215.5,210,221.5,30,11.5,6.24465253841195,2,165,127,1,1,1,"Common",3,3,"pupa",0,4,1
"137","Papilio glaucus",2018,41.5,-88.5,50,41,278,56,1000,209,186,233,160,215,55,205,200,218,17,18,6.50441871127371,2,165,127,1,1,1,"Common",3,3,"pupa",0,4,1
"138","Papilio glaucus",2018,41.5,-93.5,50,15,85,21,1000,201,154,279,117,227,110,203,147,211,13,64,6.60649979853921,2,165,127,1,1,1,"Common",3,3,"pupa",0,4,1
"139","Papilio glaucus",2014,41.5,-87.5,50,25,168,70,1000,215,204,233,193,219,26,221,189,228,11,39,6.32719885313251,2,165,127,1,1,1,"Common",3,3,"pupa",0,4,1
"140","Papilio glaucus",2015,41.5,-81.5,50,20,416,173,1000,212,210,214,210,214,4,212,207,217.5,38,10.5,6.26993267417513,2,165,127,1,1,1,"Common",3,3,"pupa",0,4,1
"141","Papilio glaucus",2016,39.5,-82.5,50,6,98,44,1000,213,195,244,171,221,50,206,129,214,11,85,6.57259479869227,2,165,127,1,1,1,"Common",3,3,"pupa",0,4,1
"142","Papilio glaucus",2018,38.5,-90.5,50,8,52,11,1000,185,146,222,139,212,73,194,136,217,32,81,6.86027327344997,2,165,127,1,1,1,"Common",3,3,"pupa",0,4,1
"143","Papilio glaucus",2017,39.5,-84.5,50,9,214,66,1000,204,198,212,194,209,15,203,147,203,37,56,6.65651661011713,2,165,127,1,1,1,"Common",3,3,"pupa",0,4,1
"144","Papilio glaucus",2017,41.5,-83.5,50,5,117,23,1000,213,204,224,200,220,20,198,165.5,214,26,48.5,6.45373962696831,2,165,127,1,1,1,"Common",3,3,"pupa",0,4,1
"145","Papilio glaucus",2017,39.5,-82.5,50,4,52,22,1000,209,188,232,183,229,46,150,117.5,211.5,20,94,6.62101301144201,2,165,127,1,1,1,"Common",3,3,"pupa",0,4,1
"146","Papilio glaucus",2017,41.5,-81.5,50,12,279,93,1000,213,210,217,208,215,7,211,206,212,70,6,6.3618135973608,2,165,127,1,1,1,"Common",3,3,"pupa",0,4,1
"147","Papilio glaucus",2018,41.5,-87.5,50,31,186,47,1000,214,209,220,208,219,11,216,204,222,45,18,6.43444685330737,2,165,127,1,1,1,"Common",3,3,"pupa",0,4,1
"148","Papilio glaucus",2016,41.5,-81.5,50,20,382,166,1000,209,207,213,205,211,6,206.5,191,213,48,22,6.27312912683665,2,165,127,1,1,1,"Common",3,3,"pupa",0,4,1
"149","Papilio glaucus",2017,41.5,-87.5,50,30,188,58,1000,204,180,235,168,225,57,206.5,183.5,210,32,26.5,6.43505356469628,2,165,127,1,1,1,"Common",3,3,"pupa",0,4,1
"150","Papilio polyxenes",2016,41.5,-87.5,50,30,176,59,1000,224,206,245,207,235,28,239,225,245,13,20,6.39878623403995,2,113,88.5,1,1,0,"Common",2,3,"pupa",0,3,3
"151","Papilio polyxenes",2017,41.5,-87.5,50,30,188,57,1000,166,109,213,111,203,92,202.5,192,208,23,16,6.43505356469628,2,113,88.5,1,1,0,"Common",2,3,"pupa",0,3,3
"152","Papilio polyxenes",2015,41.5,-81.5,50,20,416,60,1000,204,195,211,197,213,16,235,201,243,11,42,6.26993267417513,2,113,88.5,1,1,0,"Common",2,3,"pupa",0,3,3
"153","Papilio polyxenes",2016,41.5,-81.5,50,20,382,59,1000,207,200,214,199,213,14,211.5,157,227,13,70,6.27312912683665,2,113,88.5,1,1,0,"Common",2,3,"pupa",0,3,3
"154","Papilio polyxenes",2018,38.5,-90.5,50,8,52,20,1000,209,188,236,158,213,55,238.5,206.5,262,47,55.5,6.86027327344997,2,113,88.5,1,1,0,"Common",2,3,"pupa",0,3,3
"155","Papilio polyxenes",2017,39.5,-84.5,50,9,214,42,1000,180,148,235,120,202,82,185.5,167,202.5,64,35.5,6.65651661011713,2,113,88.5,1,1,0,"Common",2,3,"pupa",0,3,3
"156","Papilio polyxenes",2016,39.5,-84.5,50,10,235,65,1000,197,179,220,174,214,40,248.5,237,254,52,17,6.58699491670921,2,113,88.5,1,1,0,"Common",2,3,"pupa",0,3,3
"157","Papilio polyxenes",2018,41.5,-88.5,50,41,278,106,1000,204,187,223,191,213,22,195,188,217,18,29,6.50441871127371,2,113,88.5,1,1,0,"Common",2,3,"pupa",0,3,3
"158","Papilio polyxenes",2018,41.5,-87.5,50,31,186,82,1000,202,174,235,142,212,70,216,199,223,92,24,6.43444685330737,2,113,88.5,1,1,0,"Common",2,3,"pupa",0,3,3
"159","Papilio polyxenes",2017,41.5,-81.5,50,12,279,46,1000,198,191,207,189,205,16,204.5,190.5,228,18,37.5,6.3618135973608,2,113,88.5,1,1,0,"Common",2,3,"pupa",0,3,3
"160","Papilio troilus",2018,38.5,-90.5,50,8,52,18,1000,206,190,227,184,215,31,194,153,208,22,55,6.86027327344997,4,130,104,0,1,1,"Uncommon",1,3,"pupa",0,3,3
"161","Papilio troilus",2017,38.5,-77.5,50,4,37,10,1000,212,163,273,138,241,103,182,138,201,32,63,6.76375797556452,4,130,104,0,1,1,"Uncommon",1,3,"pupa",0,3,3
"162","Papilio troilus",2016,38.5,-77.5,50,14,51,11,1000,243,210,298,160,258,98,217,201,227,13,26,6.61385630236662,4,130,104,0,1,1,"Uncommon",1,3,"pupa",0,3,3
"163","Phyciodes tharos",2017,38.5,-77.5,50,4,37,20,1000,137,77,171,120,215,95,183,135,217.5,32,82.5,6.76375797556452,1,41,27.5,1,1,0,"Common",1,3,"larva",1,2,2
"164","Phyciodes tharos",2015,41.5,-81.5,50,20,416,294,1000,217,209,224,212,226,14,203,184,208,25,24,6.26993267417513,1,41,27.5,1,1,0,"Common",1,3,"larva",1,2,2
"165","Phyciodes tharos",2016,41.5,-81.5,50,20,382,277,1000,208,204,211,205,212,7,146,141,194,39,53,6.27312912683665,1,41,27.5,1,1,0,"Common",1,3,"larva",1,2,2
"166","Phyciodes tharos",2014,41.5,-87.5,50,25,168,100,1000,221,198,252,160,229,69,200,153,228,11,75,6.32719885313251,1,41,27.5,1,1,0,"Common",1,3,"larva",1,2,2
"167","Phyciodes tharos",2016,41.5,-93.5,50,18,116,42,1000,199,176,223,172,222,50,243,227,259.5,22,32.5,6.55497448299761,1,41,27.5,1,1,0,"Common",1,3,"larva",1,2,2
"168","Phyciodes tharos",2016,41.5,-87.5,50,30,176,92,1000,215,185,249,150,231,81,254,236,257,23,21,6.39878623403995,1,41,27.5,1,1,0,"Common",1,3,"larva",1,2,2
"169","Phyciodes tharos",2015,41.5,-93.5,50,14,88,62,1000,228,211,245,218,238,20,224,212,247,33,35,6.4428287782553,1,41,27.5,1,1,0,"Common",1,3,"larva",1,2,2
"170","Phyciodes tharos",2016,39.5,-84.5,50,10,235,169,1000,253,249,257,249,258,9,249,240,260.5,76,20.5,6.58699491670921,1,41,27.5,1,1,0,"Common",1,3,"larva",1,2,2
"171","Phyciodes tharos",2015,38.5,-77.5,50,11,76,48,1000,212,170,246,181,253,72,176.5,133,238,12,105,6.67935825154566,1,41,27.5,1,1,0,"Common",1,3,"larva",1,2,2
"172","Phyciodes tharos",2017,39.5,-82.5,50,4,52,38,1000,212,184,245,170,233,63,185.5,138.5,235,18,96.5,6.62101301144201,1,41,27.5,1,1,0,"Common",1,3,"larva",1,2,2
"173","Phyciodes tharos",2017,39.5,-84.5,50,9,214,162,1000,200,188,211,187,211,24,209,187,223.5,90,36.5,6.65651661011713,1,41,27.5,1,1,0,"Common",1,3,"larva",1,2,2
"174","Phyciodes tharos",2017,40.5,-83.5,50,4,98,70,1000,198,164,216,186,236,50,210.5,141,251,10,110,6.54068720739878,1,41,27.5,1,1,0,"Common",1,3,"larva",1,2,2
"175","Phyciodes tharos",2017,41.5,-87.5,50,30,188,76,1000,205,183,233,159,216,57,225.5,210,239.5,48,29.5,6.43505356469628,1,41,27.5,1,1,0,"Common",1,3,"larva",1,2,2
"176","Phyciodes tharos",2018,38.5,-90.5,50,8,52,29,1000,210,198,219,203,223,20,244.5,222,249.5,54,27.5,6.86027327344997,1,41,27.5,1,1,0,"Common",1,3,"larva",1,2,2
"177","Phyciodes tharos",2014,41.5,-81.5,50,20,427,234,1000,212,209,215,209,216,7,207,194,227,16,33,6.24465253841195,1,41,27.5,1,1,0,"Common",1,3,"larva",1,2,2
"178","Phyciodes tharos",2016,41.5,-82.5,50,4,46,24,1000,209,177,235,186,241,55,222,200,222,22,22,6.30143921728297,1,41,27.5,1,1,0,"Common",1,3,"larva",1,2,2
"179","Phyciodes tharos",2018,41.5,-88.5,50,41,278,132,1000,220,154,329,96,246,150,224,217,244.5,22,27.5,6.50441871127371,1,41,27.5,1,1,0,"Common",1,3,"larva",1,2,2
"180","Phyciodes tharos",2018,41.5,-87.5,50,31,186,100,1000,251,241,263,239,261,22,230,211,242,59,31,6.43444685330737,1,41,27.5,1,1,0,"Common",1,3,"larva",1,2,2
"181","Phyciodes tharos",2015,41.5,-87.5,50,25,159,75,1000,226,196,259,159,243,84,209,190,213,13,23,6.31570496483174,1,41,27.5,1,1,0,"Common",1,3,"larva",1,2,2
"182","Phyciodes tharos",2014,38.5,-77.5,50,10,54,28,1000,242,209,272,209,270,61,225,191.5,236,10,44.5,6.59447968012898,1,41,27.5,1,1,0,"Common",1,3,"larva",1,2,2
"183","Phyciodes tharos",2017,41.5,-83.5,50,5,117,41,1000,236,226,249,223,245,22,217,180,222,32,42,6.45373962696831,1,41,27.5,1,1,0,"Common",1,3,"larva",1,2,2
"184","Phyciodes tharos",2017,41.5,-81.5,50,12,279,171,1000,206,201,209,203,211,8,228.5,210,241.5,44,31.5,6.3618135973608,1,41,27.5,1,1,0,"Common",1,3,"larva",1,2,2
"185","Phyciodes tharos",2016,38.5,-77.5,50,14,51,25,1000,255,199,340,156,273,117,225,141,252,25,111,6.61385630236662,1,41,27.5,1,1,0,"Common",1,3,"larva",1,2,2
"186","Pieris rapae",2016,41.5,-81.5,50,20,382,321,1000,208,201,216,200,214,14,176,118,176,13,58,6.27312912683665,4,50,44,1,0,0,"Common",2,3,"pupa",0,3,2
"187","Pieris rapae",2017,41.5,-93.5,50,16,103,57,1000,188,155,215,156,216,60,208,124,222,19,98,6.55328183852675,4,50,44,1,0,0,"Common",2,3,"pupa",0,3,2
"188","Pieris rapae",2017,38.5,-77.5,50,4,37,21,1000,162,135,187,138,191,53,189,145,230,47,85,6.76375797556452,4,50,44,1,0,0,"Common",2,3,"pupa",0,3,2
"189","Pieris rapae",2017,41.5,-81.5,50,12,279,235,1000,185,179,189,181,191,10,185.5,176.5,208.5,46,32,6.3618135973608,4,50,44,1,0,0,"Common",2,3,"pupa",0,3,2
"190","Pieris rapae",2016,39.5,-84.5,50,10,235,190,1000,211,203,219,203,219,16,249,233,255,91,22,6.58699491670921,4,50,44,1,0,0,"Common",2,3,"pupa",0,3,2
"191","Pieris rapae",2016,41.5,-93.5,50,18,116,100,1000,201,187,217,189,221,32,188.5,166,206,30,40,6.55497448299761,4,50,44,1,0,0,"Common",2,3,"pupa",0,3,2
"192","Pieris rapae",2018,38.5,-90.5,50,8,52,39,1000,195,185,205,187,203,16,250,246,266,25,20,6.86027327344997,4,50,44,1,0,0,"Common",2,3,"pupa",0,3,2
"193","Pieris rapae",2017,41.5,-87.5,50,30,188,135,1000,209,199,219,200,220,20,217,196,231,60,35,6.43505356469628,4,50,44,1,0,0,"Common",2,3,"pupa",0,3,2
"194","Pieris rapae",2016,38.5,-77.5,50,14,51,34,1000,260,211,356,147,268,121,248,233,260,21,27,6.61385630236662,4,50,44,1,0,0,"Common",2,3,"pupa",0,3,2
"195","Pieris rapae",2014,38.5,-77.5,50,10,54,27,1000,183,163,200,170,204,34,190,101,190,13,89,6.59447968012898,4,50,44,1,0,0,"Common",2,3,"pupa",0,3,2
"196","Pieris rapae",2015,41.5,-82.5,50,4,43,31,1000,253,244,270,233,258,25,255,131.5,266,10,134.5,6.27748853367605,4,50,44,1,0,0,"Common",2,3,"pupa",0,3,2
"197","Pieris rapae",2018,41.5,-93.5,50,15,85,58,1000,211,187,238,174,224,50,208,164,216,23,52,6.60649979853921,4,50,44,1,0,0,"Common",2,3,"pupa",0,3,2
"198","Pieris rapae",2015,41.5,-81.5,50,20,416,335,1000,202,194,210,195,210,15,176,170,205,17,35,6.26993267417513,4,50,44,1,0,0,"Common",2,3,"pupa",0,3,2
"199","Pieris rapae",2017,41.5,-82.5,50,2,30,22,1000,199,158,255,95,210,115,208,202,214,38,12,6.40034610915215,4,50,44,1,0,0,"Common",2,3,"pupa",0,3,2
"200","Pieris rapae",2014,41.5,-82.5,50,4,46,33,1000,241,227,262,220,254,34,215,126,215,17,89,6.28731477787803,4,50,44,1,0,0,"Common",2,3,"pupa",0,3,2
"201","Pieris rapae",2017,41.5,-83.5,50,5,117,89,1000,195,177,223,170,209,39,195,168,204,46,36,6.45373962696831,4,50,44,1,0,0,"Common",2,3,"pupa",0,3,2
"202","Pieris rapae",2017,39.5,-84.5,50,9,214,161,1000,169,161,178,161,178,17,184,167.5,196,118,28.5,6.65651661011713,4,50,44,1,0,0,"Common",2,3,"pupa",0,3,2
"203","Pieris rapae",2018,41.5,-88.5,50,41,278,198,1000,219,209,225,215,230,15,200.5,175.5,211.5,22,36,6.50441871127371,4,50,44,1,0,0,"Common",2,3,"pupa",0,3,2
"204","Pieris rapae",2017,41.5,-88.5,50,24,141,110,1000,211,190,234,192,234,42,200.5,163,256,10,93,6.44589538206879,4,50,44,1,0,0,"Common",2,3,"pupa",0,3,2
"205","Pieris rapae",2016,41.5,-87.5,50,30,176,139,1000,197,193,202,192,200,8,228,177.5,259,26,81.5,6.39878623403995,4,50,44,1,0,0,"Common",2,3,"pupa",0,3,2
"206","Pieris rapae",2018,41.5,-87.5,50,31,186,143,1000,228,207,241,215,250,35,234,212,234,90,22,6.43444685330737,4,50,44,1,0,0,"Common",2,3,"pupa",0,3,2
"207","Pieris rapae",2016,41.5,-82.5,50,4,46,37,1000,213,177,251,183,232,49,219.5,194,241.5,30,47.5,6.30143921728297,4,50,44,1,0,0,"Common",2,3,"pupa",0,3,2
"208","Pieris rapae",2015,41.5,-93.5,50,14,88,71,1000,213,200,227,198,223,25,204,170,215,23,45,6.4428287782553,4,50,44,1,0,0,"Common",2,3,"pupa",0,3,2
"209","Poanes zabulon",2016,41.5,-81.5,50,20,382,76,1000,174,128,206,163,220,57,218,155.5,227,12,71.5,6.27312912683665,2,39,32.5,0,1,1,"Common",1,3,"larva",0,1,3
"210","Poanes zabulon",2014,38.5,-77.5,50,10,54,20,1000,231,207,264,185,242,57,176,165,208,18,43,6.59447968012898,2,39,32.5,0,1,1,"Common",1,3,"larva",0,1,3
"211","Poanes zabulon",2015,38.5,-77.5,50,11,76,23,1000,207,167,272,153,226,73,226,144,226,13,82,6.67935825154566,2,39,32.5,0,1,1,"Common",1,3,"larva",0,1,3
"212","Poanes zabulon",2017,39.5,-84.5,50,9,214,60,1000,209,187,242,151,212,61,211,160,222,35,62,6.65651661011713,2,39,32.5,0,1,1,"Common",1,3,"larva",0,1,3
"213","Poanes zabulon",2017,41.5,-81.5,50,12,279,70,1000,221,206,239,196,226,30,219,211,223,34,12,6.3618135973608,2,39,32.5,0,1,1,"Common",1,3,"larva",0,1,3
"214","Poanes zabulon",2016,39.5,-84.5,50,10,235,67,1000,212,195,233,167,217,50,148,119,148,11,29,6.58699491670921,2,39,32.5,0,1,1,"Common",1,3,"larva",0,1,3
"215","Poanes zabulon",2016,38.5,-77.5,50,14,51,12,1000,239,188,338,138,255,117,204,142,221,16,79,6.61385630236662,2,39,32.5,0,1,1,"Common",1,3,"larva",0,1,3
"216","Polites themistocles",2017,39.5,-84.5,50,9,214,33,1000,207,186,244,162,221,59,209,161,216,29,55,6.65651661011713,2,36,28,1,0,0,"Common",1,3,"pupa",0,1,3
"217","Polites themistocles",2016,39.5,-84.5,50,10,235,37,1000,226,211,248,196,234,38,247.5,232.5,260.5,24,28,6.58699491670921,2,36,28,1,0,0,"Common",1,3,"pupa",0,1,3
"218","Polygonia comma",2015,41.5,-81.5,50,20,416,55,1000,185,171,191,179,199,20,167.5,153,187,14,34,6.26993267417513,2,54,49.5,0,1,1,"Common",2,3,"adult",0.5,2,3
"219","Polygonia comma",2017,41.5,-87.5,50,30,188,16,1000,166,127,197,142,202,60,139.5,88.5,199,16,110.5,6.43505356469628,2,54,49.5,0,1,1,"Common",2,3,"adult",0.5,2,3
"220","Polygonia comma",2018,41.5,-87.5,50,31,186,22,1000,239,212,276,200,256,56,216.5,185.5,244.5,24,59,6.43444685330737,2,54,49.5,0,1,1,"Common",2,3,"adult",0.5,2,3
"221","Polygonia comma",2017,39.5,-84.5,50,9,214,52,1000,133,71,192,90,195,105,146,98,154,37,56,6.65651661011713,2,54,49.5,0,1,1,"Common",2,3,"adult",0.5,2,3
"222","Polygonia comma",2018,41.5,-88.5,50,41,278,19,1000,193,180,203,185,207,22,195,77,245,11,168,6.50441871127371,2,54,49.5,0,1,1,"Common",2,3,"adult",0.5,2,3
"223","Polygonia comma",2016,39.5,-84.5,50,10,235,48,1000,218,151,344,101,239,138,219,87,246,21,159,6.58699491670921,2,54,49.5,0,1,1,"Common",2,3,"adult",0.5,2,3
"224","Polygonia comma",2017,41.5,-81.5,50,12,279,42,1000,175,118,242,106,239,133,211.5,112,272,10,160,6.3618135973608,2,54,49.5,0,1,1,"Common",2,3,"adult",0.5,2,3
"225","Polygonia comma",2017,41.5,-83.5,50,5,117,15,1000,149,95,193,104,203,99,171,102.5,189,16,86.5,6.45373962696831,2,54,49.5,0,1,1,"Common",2,3,"adult",0.5,2,3
"226","Polygonia comma",2016,41.5,-81.5,50,20,382,47,1000,106,39,136,97,186,89,159.5,96,258,10,162,6.27312912683665,2,54,49.5,0,1,1,"Common",2,3,"adult",0.5,2,3
"227","Polygonia interrogationis",2016,39.5,-84.5,50,10,235,35,1000,208,178,240,177,238,61,242.5,134,255,10,121,6.58699491670921,4,76,62,0,1,1,"Common",2,3,"adult",0.5,2,3
"228","Polygonia interrogationis",2017,39.5,-84.5,50,9,214,32,1000,201,183,221,180,217,37,175,114,175,36,61,6.65651661011713,4,76,62,0,1,1,"Common",2,3,"adult",0.5,2,3
"229","Polygonia interrogationis",2017,41.5,-87.5,50,30,188,32,1000,175,152,195,156,197,41,196,147,203,25,56,6.43505356469628,4,76,62,0,1,1,"Common",2,3,"adult",0.5,2,3
"230","Polygonia interrogationis",2018,41.5,-88.5,50,41,278,30,1000,187,161,219,151,209,58,217,188,220,10,32,6.50441871127371,4,76,62,0,1,1,"Common",2,3,"adult",0.5,2,3
"231","Polygonia interrogationis",2018,41.5,-87.5,50,31,186,37,1000,207,194,219,195,220,25,205,191,209,38,18,6.43444685330737,4,76,62,0,1,1,"Common",2,3,"adult",0.5,2,3
"232","Polygonia interrogationis",2017,41.5,-81.5,50,12,279,28,1000,189,173,204,175,206,31,184,177,192,16,15,6.3618135973608,4,76,62,0,1,1,"Common",2,3,"adult",0.5,2,3
"233","Polygonia interrogationis",2015,41.5,-87.5,50,25,159,44,1000,174,150,196,151,197,46,209.5,179,216,18,37,6.31570496483174,4,76,62,0,1,1,"Common",2,3,"adult",0.5,2,3
"234","Pyrgus communis",2017,39.5,-84.5,50,9,214,22,1000,271,267,277,264,274,10,224,175,246,34,71,6.65651661011713,2,32,26,1,1,0,"Uncommon",2,3,"larva",0,2,1
"235","Pyrgus communis",2016,39.5,-84.5,50,10,235,20,1000,269,262,275,263,276,13,272,262,282.5,38,20.5,6.58699491670921,2,32,26,1,1,0,"Uncommon",2,3,"larva",0,2,1
"236","Speyeria cybele",2018,41.5,-87.5,50,31,186,24,1000,183,168,190,179,199,20,181,163,181,15,18,6.43444685330737,3,100,85.5,1,1,0,"Common",1,1,"larva",0,3,1
"237","Speyeria cybele",2017,41.5,-81.5,50,12,279,61,1000,194,187,200,187,201,14,202.5,185,218.5,20,33.5,6.3618135973608,3,100,85.5,1,1,0,"Common",1,1,"larva",0,3,1
"238","Speyeria cybele",2017,39.5,-84.5,50,9,214,46,1000,175,171,178,173,180,7,175,168,183,23,15,6.65651661011713,3,100,85.5,1,1,0,"Common",1,1,"larva",0,3,1
"239","Speyeria cybele",2017,41.5,-83.5,50,5,117,14,1000,186,177,193,181,194,13,188.5,173,195.5,16,22.5,6.45373962696831,3,100,85.5,1,1,0,"Common",1,1,"larva",0,3,1
"240","Speyeria cybele",2015,41.5,-81.5,50,20,416,121,1000,192,189,194,190,195,5,191,182,191,13,9,6.26993267417513,3,100,85.5,1,1,0,"Common",1,1,"larva",0,3,1
"241","Speyeria cybele",2016,41.5,-81.5,50,20,382,129,1000,189,187,191,187,191,4,193,184,219,17,35,6.27312912683665,3,100,85.5,1,1,0,"Common",1,1,"larva",0,3,1
"242","Speyeria cybele",2015,38.5,-77.5,50,11,76,24,1000,169,153,182,162,188,26,174.5,162.5,205,12,42.5,6.67935825154566,3,100,85.5,1,1,0,"Common",1,1,"larva",0,3,1
"243","Speyeria cybele",2016,38.5,-77.5,50,14,51,10,1000,220,202,281,164,235,71,170,158,220,11,62,6.61385630236662,3,100,85.5,1,1,0,"Common",1,1,"larva",0,3,1
"244","Speyeria cybele",2016,39.5,-84.5,50,10,235,55,1000,181,177,184,179,186,7,186.5,176,204,20,28,6.58699491670921,3,100,85.5,1,1,0,"Common",1,1,"larva",0,3,1
"245","Vanessa atalanta",2015,41.5,-87.5,50,25,159,89,1000,146,84,204,82,184,102,184,139.0643997,184,22,44.9356003,6.31570496483174,5,70,60,1,1,0,"Common",1,3,"adult",0,2,1
"246","Vanessa atalanta",2017,41.5,-81.5,50,12,279,43,1000,169,157,182,156,179,23,163.5,127,192,20,65,6.3618135973608,5,70,60,1,1,0,"Common",1,3,"adult",0,2,1
"247","Vanessa atalanta",2016,39.5,-84.5,50,10,235,74,1000,141,125,152,130,159,29,163,115,189,27,74,6.58699491670921,5,70,60,1,1,0,"Common",1,3,"adult",0,2,1
"248","Vanessa atalanta",2018,41.5,-88.5,50,41,278,49,1000,194,184,205,181,202,21,192.5,171,203.5,22,32.5,6.50441871127371,5,70,60,1,1,0,"Common",1,3,"adult",0,2,1
"249","Vanessa atalanta",2017,41.5,-83.5,50,5,117,23,1000,174,134,247,86,189,103,182,152,190,21,38,6.45373962696831,5,70,60,1,1,0,"Common",1,3,"adult",0,2,1
"250","Vanessa atalanta",2017,41.5,-88.5,50,24,141,51,1000,189,182,195,183,196,13,161,103,175,19,72,6.44589538206879,5,70,60,1,1,0,"Common",1,3,"adult",0,2,1
"251","Vanessa atalanta",2018,41.5,-93.5,50,15,85,18,1000,179,140,212,151,222,71,214.5,147.5,253,10,105.5,6.60649979853921,5,70,60,1,1,0,"Common",1,3,"adult",0,2,1
"252","Vanessa atalanta",2017,41.5,-87.5,50,30,188,63,1000,177,131,240,84,188,104,175,116,178,81,62,6.43505356469628,5,70,60,1,1,0,"Common",1,3,"adult",0,2,1
"253","Vanessa atalanta",2017,39.5,-84.5,50,9,214,63,1000,139,115,161,117,165,48,166,144,181,56,37,6.65651661011713,5,70,60,1,1,0,"Common",1,3,"adult",0,2,1
"254","Vanessa atalanta",2018,41.5,-87.5,50,31,186,69,1000,187,177,198,175,194,19,191,185,197,82,12,6.43444685330737,5,70,60,1,1,0,"Common",1,3,"adult",0,2,1
"255","Vanessa atalanta",2016,41.5,-93.5,50,18,116,37,1000,173,131,203,161,231,70,179,127,229,12,102,6.55497448299761,5,70,60,1,1,0,"Common",1,3,"adult",0,2,1
"256","Vanessa atalanta",2015,39.5,-84.5,50,11,289,102,1000,183,180,189,177,186,9,190,172,192,11,20,6.57548387784319,5,70,60,1,1,0,"Common",1,3,"adult",0,2,1
"257","Vanessa atalanta",2015,38.5,-77.5,50,11,76,25,1000,191,182,206,175,199,24,201,179,206,13,27,6.67935825154566,5,70,60,1,1,0,"Common",1,3,"adult",0,2,1
"258","Vanessa atalanta",2017,41.5,-93.5,50,16,103,30,1000,177,162,194,154,190,36,124,107,178,15,71,6.55328183852675,5,70,60,1,1,0,"Common",1,3,"adult",0,2,1
"259","Vanessa atalanta",2016,41.5,-87.5,50,30,176,50,1000,178,166,190,171,184,13,183,147,191,28,44,6.39878623403995,5,70,60,1,1,0,"Common",1,3,"adult",0,2,1
"260","Vanessa atalanta",2015,41.5,-81.5,50,20,416,123,1000,174,161,186,157,182,25,182,153.5,183.5,20,30,6.26993267417513,5,70,60,1,1,0,"Common",1,3,"adult",0,2,1
"261","Vanessa atalanta",2016,41.5,-81.5,50,20,382,71,1000,151,142,160,142,160,18,141,118,141,13,23,6.27312912683665,5,70,60,1,1,0,"Common",1,3,"adult",0,2,1
"262","Vanessa atalanta",2015,41.5,-93.5,50,14,88,45,1000,188,177,203,172,197,25,167.5,142,179.5,22,37.5,6.4428287782553,5,70,60,1,1,0,"Common",1,3,"adult",0,2,1
"263","Vanessa atalanta",2017,40.5,-83.5,50,4,98,27,1000,148,132,166,131,161,30,148,99,149,11,50,6.54068720739878,5,70,60,1,1,0,"Common",1,3,"adult",0,2,1
"264","Vanessa cardui",2017,41.5,-87.5,50,30,188,22,1000,158,71,265,70,219,149,252,218,266,62,48,6.43505356469628,5,75,60,1,0,0,"Common",3,3,"migrant",0,2,3
"265","Vanessa cardui",2017,41.5,-83.5,50,5,117,20,1000,271,262,282,258,278,20,259,196,263,17,67,6.45373962696831,5,75,60,1,0,0,"Common",3,3,"migrant",0,2,3
"266","Vanessa cardui",2017,41.5,-81.5,50,12,279,25,1000,274,267,280,269,280,11,270,268,273,45,5,6.3618135973608,5,75,60,1,0,0,"Common",3,3,"migrant",0,2,3
"267","Vanessa cardui",2017,39.5,-84.5,50,9,214,46,1000,267,263,272,261,271,10,261,246,273,63,27,6.65651661011713,5,75,60,1,0,0,"Common",3,3,"migrant",0,2,3
"268","Vanessa cardui",2017,41.5,-93.5,50,16,103,43,1000,244,229,262,227,255,28,250,231,255,35,24,6.55328183852675,5,75,60,1,0,0,"Common",3,3,"migrant",0,2,3
"269","Vanessa virginiensis",2015,41.5,-87.5,50,25,159,12,1000,179,146,213,152,199,47,178,167,183,11,16,6.31570496483174,4,67,55.5,1,1,0,"Common",3,3,"adult",0,2,3
"270","Vanessa virginiensis",2016,39.5,-84.5,50,10,235,19,1000,117,78,147,94,167,73,148.5,113,170.5,12,57.5,6.58699491670921,4,67,55.5,1,1,0,"Common",3,3,"adult",0,2,3
"271","Vanessa virginiensis",2017,39.5,-84.5,50,9,214,13,1000,119,7,172,90,230,140,133,104,157.5,18,53.5,6.65651661011713,4,67,55.5,1,1,0,"Common",3,3,"adult",0,2,3
"272","Vanessa virginiensis",2016,41.5,-87.5,50,30,176,11,1000,102,5,136,82,196,114,170,151,184,13,33,6.39878623403995,4,67,55.5,1,1,0,"Common",3,3,"adult",0,2,3
"273","Vanessa virginiensis",2017,41.5,-87.5,50,30,188,17,1000,158,140,179,138,179,41,176.5,153.5,197.5,34,44,6.43505356469628,4,67,55.5,1,1,0,"Common",3,3,"adult",0,2,3
